dia,poblacion,seguridad,conocimiento,riqueza,cohesion,estabilidad,facciones,rencor_medio,fugas
6,0.43,0.337,0,0.315,0.502,0.985,4,0.01,0
13,0.43,0.374,0.025,0.33,0.506,0.974,7,0.019,0
20,0.46,0.372,0.05,0.395,0.514,0.968,8,0.026,0
27,0.46,0.369,0.06,0.409,0.507,0.959,8,0.034,0
34,0.46,0.406,0.06,0.464,0.507,0.957,6,0.038,3
41,0.49,0.523,0.085,0.478,0.513,0.957,6,0.04,4
48,0.49,0.56,0.11,0.493,0.508,0.95,6,0.045,6
55,0.49,0.558,0.12,0.508,0.51,0.938,5,0.052,9
62,0.54,0.555,0.145,0.522,0.502,0.932,6,0.058,12
69,0.57,0.552,0.17,0.537,0.499,0.931,6,0.062,16
76,0.57,0.549,0.17,0.553,0.498,0.921,6,0.066,19
83,0.57,0.546,0.195,0.608,0.5,0.925,5,0.066,19
90,0.6,0.624,0.195,0.623,0.505,0.923,8,0.068,23
97,0.6,0.621,0.23,0.678,0.485,0.908,6,0.079,29
104,0.6,0.618,0.24,0.693,0.483,0.9,5,0.085,30
111,0.65,0.615,0.265,0.748,0.48,0.893,6,0.09,34
118,0.65,0.732,0.29,0.763,0.46,0.877,8,0.102,39
125,0.65,0.77,0.29,0.777,0.454,0.87,4,0.108,51
132,0.65,0.767,0.29,0.792,0.446,0.871,4,0.109,54
139,0.68,0.764,0.325,0.806,0.442,0.865,6,0.114,54
146,0.68,0.761,0.325,0.821,0.433,0.859,6,0.118,60
153,0.68,0.758,0.35,0.836,0.429,0.868,6,0.117,61
160,0.68,0.756,0.35,0.85,0.427,0.871,6,0.117,66
167,0.68,0.753,0.35,0.865,0.428,0.864,5,0.121,72
174,0.68,0.75,0.375,0.879,0.428,0.859,3,0.123,80
181,0.68,0.747,0.375,0.893,0.432,0.871,6,0.118,82
188,0.68,0.744,0.375,0.908,0.431,0.869,6,0.118,84
195,0.68,0.742,0.4,0.922,0.435,0.866,5,0.12,89
202,0.71,0.739,0.4,0.936,0.438,0.871,5,0.118,94
209,0.76,0.736,0.435,0.951,0.439,0.873,5,0.116,98
216,0.79,0.733,0.455,0.966,0.432,0.868,5,0.118,100
223,0.79,0.73,0.455,0.982,0.438,0.862,3,0.12,105
230,0.79,0.728,0.49,1,0.446,0.876,7,0.114,107
237,0.79,0.765,0.49,1,0.442,0.87,7,0.115,109
244,0.79,0.842,0.535,1,0.437,0.864,6,0.118,117
251,0.82,0.839,0.535,1,0.439,0.869,4,0.119,122
258,0.82,0.836,0.535,1,0.425,0.852,3,0.125,129
265,0.82,0.834,0.56,1,0.419,0.856,4,0.127,132
272,0.82,0.831,0.57,1,0.412,0.851,3,0.128,137
279,0.82,0.828,0.57,1,0.405,0.857,1,0.126,138
286,0.82,0.825,0.57,1,0.401,0.857,1,0.125,140
293,0.82,0.862,0.605,1,0.394,0.84,3,0.133,142
300,0.82,0.86,0.605,1,0.376,0.831,4,0.142,148
307,0.82,0.857,0.605,1,0.365,0.82,3,0.147,151
314,0.82,0.854,0.605,1,0.358,0.817,3,0.15,156
321,0.82,0.851,0.64,1,0.354,0.823,3,0.151,158
328,0.82,0.848,0.64,1,0.346,0.824,2,0.155,162
335,0.82,0.846,0.64,1,0.36,0.832,3,0.147,164
342,0.82,0.843,0.665,1,0.351,0.821,2,0.152,168
349,0.82,0.84,0.665,1,0.347,0.821,2,0.153,169
356,0.82,0.837,0.665,1,0.337,0.817,3,0.159,172
